Page ID,Page name,Disclaimer,Amount spent (EUR),Number of ads in Library
189701254384965,Eneco,Eneco,141386,224
100717511317223,Zet ook de knop om,Ministerie van Economische Zaken en Klimaat,138047,27
288295911466,Greenpeace Nederland,Greenpeace Nederland,107346,858
83439828234,Milieudefensie,Milieudefensie,66268,701
57729029960,Amnesty International Nederland,Amnesty International Nederland,58694,308
120034538112114,Stichting Vluchteling,Stichting Vluchteling,58505,5
93833638834,Plan International NL,Plan International NL,48502,155
100455310014019,Solidaridad,Solidaridad,31780,331
159449970751999,Save the Children Nederland,Save the Children Nederland,29417,79
111534388878604,NIVEA,NIVEA,27296,22
488054904564547,ifaw,Stichting IFAW,27099,195
120184871378246,Aidsfonds,Aidsfonds,25780,42
201751609836046,Dokters van de Wereld (NL),Dokters van de Wereld,25346,39
320374518118,CDA,CDA,24353,1683
130133230331245,Wereld Natuur Fonds - WWF,Wereld Natuur Fonds - WWF,24260,84
115289021825188,Oxfam Novib,Oxfam Novib,22724,389
107104755358059,Nationale Klimaatweek,Nationale Klimaatweek,22646,11
139858509373289,UNICEF Nederland,Unicef Nederland,22126,275
146644665960101,Volt Nederland,Volt Nederland,20826,200
101589685639286,Stop extra bierbelasting,Nederlandse Brouwers,19211,5
178362315106,European Parliament,European Parliament,18395,158
1830425247191865,Cordaid,Cordaid,18285,31
100364422327666,BVNL - Belang van Nederland,BVNL,17828,14
118754531489898,Artsen zonder Grenzen,Artsen zonder Grenzen Nederland,17367,27
100169997009,Proefdiervrij,Proefdiervrij,16422,144
100660309175869,NieuwRechts,NieuwRechts.nl,15782,178
349312760804,World Vision Nederland,World Vision NL,15742,236
428670174395114,Vattenfall,Vattenfall Nederland,15030,25
285512534937,Terre des Hommes Nederland,Terre des Hommes Nederland,14937,76
245644432148792,ING Nederland,ING Nederland,14806,22
969158383214898,Wybren van Haga - BVNL,BVNL,14049,16
203753056314055,Varkens in Nood,Varkens in Nood,14005,45
133720236695807,Werken voor Nederland,Werken voor Nederland,13990,72
133687759997528,ASN Bank,ASN Bank,12397,2
128393027527,SP,SP,12200,137
107872495911431,VluchtelingenWerk Nederland,VluchtelingenWerk Nederland,11899,28
110087955484633,Beweging Limburg tegen Kindermishandeling,INOVA,11850,14
142080576837,Vrij Nederland,Vrij Nederland,11181,22
137011549489828,GroenLinks-PvdA,GroenLinks-PvdA,10362,3
1607001549529193,"Waterschap Amstel, Gooi en Vecht","Waterschap Amstel, Gooi en Vecht",10159,38
171605059556434,World Animal Protection Nederland,World Animal Protection Nederland,9475,111
108569272275857,Blij van Zuivelvrij,Stichting Dier&Recht,8581,76
108588405832078,Amref Flying Doctors NL,Amref Flying Doctors NL,8336,45
121719834601889,FNV Vakbond,FNV Vakbond,8312,73
514814491878400,NVVE,NVVE,8291,151
100245303370876,APG,APG,8063,13
122074554119,EU Social,EU Social,7992,22
404247949634770,CARE Nederland,CARE Nederland,7590,214
106370071810105,Cultuur onder Vuur NL,Stichting Civitas Christiana,7389,18
281600435192259,Fonds Slachtofferhulp,Fonds Slachtofferhulp,7243,62
399250573436072,Werken bij Defensie,Werken bij Defensie,6984,21
222029491143966,Free Press Unlimited,Free Press Unlimited,6859,18
105784111524296,Ekō NL,Ekō NL,6857,12
384101518433208,Waterklaar,INOVA,6828,14
194041757291378,PAX,PAX,6257,43
115027651906533,Wakker Dier,Stichting Wakker Dier,5676,86
105539054523015,Futureproof NL,Futureproof,5370,140
115394861582421,Verbroken Ketenen Verbonden Rotterdam,Gemeente Rotterdam,5360,19
198486356863605,Longfonds,Longfonds,5233,60
106529315391544,IkLobby,IkLobby,5148,48
1409007399336866,BNNVARA,BNNVARA,5000,29
115694621618493,Samen voor een veilige buurt,RIEC Oost-Nederland,4741,565
609816282477420,Forum voor Democratie -FVD,Forum voor Democratie,4688,18
141801972540083,EW Magazine,EW Magazine,4589,76
121264564551002,VVD,VVD,4049,169
128398963691057,Vraagje?,"Ministerie van Volksgezondheid, Welzijn en Sport",3963,15
338750440106782,BBB BoerBurgerBeweging,Boerburgerbeweging,3950,3
100993049941618,Gemeente Den Haag,Gemeente Den Haag,3720,16
640413262653563,Fossielvrij NL,Fossielvrij NL,3660,29
117483088313381,CIWF Nederland,CIWF Nederland,3655,5
243860895651424,Tearfund Nederland,Tearfund,3623,72
105339817717917,Gezin in Gevaar,Stichting Civitas Christiana,3555,12
106020448037192,JA21,JA21.nl,3433,31
115077391879906,"Ministerie van Onderwijs, Cultuur en Wetenschap","Ministerie van Onderwijs, Cultuur en Wetenschap",3418,12
208250375865238,Woord en Daad,Stichting Woord en Daad,3405,221
143686555666670,Trees for All,Trees for All,3285,31
134267673299598,NPO Radio 1,NPO Radio 1,3230,5
148404651881567,VNO-NCW,VNO-NCW,3136,80
403772503084759,Rijksdienst voor Ondernemend Nederland - RVO,Rijksdienst voor Ondernemend Nederland - RVO,3020,10
202064936858448,Geert Wilders,Geert Wilders,3012,2
119867424761918,Stadsdeel Centrum Amsterdam,Gemeente Amsterdam,3012,329
1550088745275913,DENK,DENK,2955,45
325306177501144,Amsterdam Stadsdeel Zuid,Gemeente Amsterdam,2872,108
107948478848391,Art.1 Midden Nederland,Art.1 Midden Nederland,2727,139
147683725284795,Mercy Ships Holland,Mercy Ships Holland,2515,43
114824741963035,Kom over en help,St. Kom over en help,2401,52
115027651906533,Wakker Dier,Wakker Dier,2293,24
314184649030,Probeer de Bond,Probeer de Bond,2245,13
193853323977481,Stadsdeel Amsterdam Zuidoost,Gemeente Amsterdam,2209,428
473492249475971,Stirezo Pro-life,Stichting Civitas Christiana,2202,8
206592029351928,ABN AMRO,These ads ran without a disclaimer,2181,4
164448196903465,Simavi,Simavi,2160,15
1594630217521502,NPO Kennis,Stichting NTR,2078,62
153357044722038,Jonge Democraten,Jonge Democraten,2066,4
132206508583021,FIKS,Starters4Communities,2062,34
111199435097484,Nederlandkalverland.nl,Nederlandkalverland.nl,2053,26
470919559742826,Meld Misdaad Anoniem,Meld Misdaad Anoniem,2053,24
844559615710915,Lilian Marijnissen,SP,2029,23
108702228688850,WeCount,WeCount,1861,6
102523116490167,NJR,NJR,1857,14
288700097949818,Mijn Stem,Citisens,1821,7
248022541905667,Gemeente Amsterdam,Gemeente Amsterdam,1736,14
269793629749221,ZOA,ZOA,1700,16
101476021575387,Hetgaatovermij,Landelijke Cliëntenraad,1591,50
131863483350249,Shohreh Feshtali - BVNL,BVNL - Belang van Nederland,1503,2
684205995075734,Rob Jetten,Rob Jetten,1500,3
130015911059089,Samen om,om | nieuwe energie,1420,35
116592248404562,Rode Hoed,Rode Hoed,1382,52
1163101523809612,FLYERALARM,These ads ran without a disclaimer,1381,1
183747651651348,Hivos,Hivos,1373,32
254272004670909,Ministerie van Justitie en Veiligheid,Ministerie van Justitie en Veiligheid,1365,2
328663274675248,Voor 16,Voor 14,1348,16
567257733326081,Starters4Communities,Starters4Communities,1341,34
354196741370845,Brandpunt+,KRO-NCRV,1312,31
110333761471734,SP Jongeren,SP Jongeren,1289,29
347109699457,Wemos,Wemos,1263,32
268185196871302,BASF,These ads ran without a disclaimer,1200,1
319495812163,Deloitte,Deloitte Nederland,1180,6
128869313810652,Eerlijke Geldwijzer,Eerlijke Geldwijzer,1156,5
428670174395114,Vattenfall,These ads ran without a disclaimer,1132,1
1586038428202115,Siriz,Stichting Siriz,1100,13
156571571036057,Natuur & Milieu,Natuur & Milieu,1100,7
94738574348,Boom Chicago,Boom Chicago,1088,4
109674908264183,Kiosk.nl,DPG Media B.V.,1073,12
145580068834607,Veteranendag,Veteranendag,1072,26
125956260756629,Gemeente Tilburg,Gemeente Tilburg,1066,16
34880713930,ACN - Kerk in Nood,Kerk in Nood Nederland,1021,3
165625476919894,CNV Vakmensen,CNV Vakmensen,1017,14
301641784038642,Strong Babies,Strong Babies,1010,28
177508708941577,Milieu Centraal,Milieu Centraal,1000,4
102287806490622,Partij voor de Dieren,Partij voor de Dieren,999,2
118582591622050,Provincie Limburg,Provincie Limburg,997,23
539993949363852,Gemeente Bergeijk,Gemeente Bergeijk,962,32
160001040736183,Fairtrade Nederland,Fairtrade Nederland,933,51
665910933577776,HUMAN,Human,902,13
195386463835527,Milieudefensie Jong,Milieudefensie,894,13
112530232090434,NPO,These ads ran without a disclaimer,868,1
106491429483582,SDOK,SDOK,865,11
113895885305052,Partij van de Arbeid (PvdA),Partij van de Arbeid (PvdA),864,3
502400877250876,Pro Public,Pro Public,846,10
103804832326992,Peter R. de Vries Foundation,Stichting Peter R. de Vries Foundation,822,20
318502745709789,NoMorePlastic,NoMorePlastic,814,9
105588771133411,Sectorraad Paarden,Sectorraad Paarden,811,9
1492871850934244,Don't look away,Defence for Children,794,51
670551846971300,JA21 Noord-Holland,Stichting Ondersteuningsfractie JA21 Noord-Holland,790,9
211661062254003,ChristenUnie,ChristenUnie,754,4
281600435192259,Fonds Slachtofferhulp,Stichting Fonds Slachtofferhulp,703,8
102443598855327,Minister Ursell Arends,Minister Ursell Arends,699,47
100169997009,Proefdiervrij,Stichting AVS Proefdiervrij,696,48
147485298662727,Gemeenteraad Tilburg,Gemeente Tilburg,683,6
379837259062033,Thierry Baudet,Thierry Baudet,672,3
128832653858799,Gemeente Zwolle,Gemeente Zwolle,650,3
52985377549,D66,D66,642,18
222129228194774,Onderwijs010,Gemeente Rotterdam,630,10
110621374027968,Drenthe Geeft Door,Drenthe Geeft Door,630,21
338722872830080,NTR,NTR,629,9
38957713985,VPRO,VPRO,610,4
270788920480,Europees Parlement Nederland,Liaisonbureau Europees Parlement Nederland,588,7
132272050127848,de Volkskrant,de Volkskrant,571,41
737752176243177,Meld.Online Discriminatie,Meld.Online Discriminatie,567,9
486293704724646,Krnwtr+ / Zereau Drinks,KRNWTR,562,32
110720535616160,Gemeente Rijswijk,Gemeente Rijswijk,556,6
184634968246482,Sweco Nederland,Sweco Nederland,536,12
241624236360646,Boeren Buren,Boeren Buren,501,17
108826957150072,Tata Steel Nederland,Tata Steel IJmuiden B.V.,500,2
232299273461028,Gemeente Utrecht,Gemeente Utrecht,500,1
138258489597752,Wetterskip Fryslân,Wetterskip Fryslân,500,4
102979211781866,Duurzame stad Den Haag,Gemeente Den Haag,496,3
349384125155892,MEP,Movimiento Electoral di Pueblo,491,25
123765650823834,Wij zijn hier,Wij Zijn Hier,479,35
105737852036990,Wij.doen.groen,Wij.doen.groen,477,7
111780358981958,Gemeente Loon op Zand,Gemeente Loon op Zand,466,3
212763862068531,Dier&Recht,Dier&Recht,458,11
257312361663,SP Heerlen,SP Heerlen,446,2
149505728435469,Kia Nederland,These ads ran without a disclaimer,440,2
195325640540297,Provincie Noord-Holland,Provincie Noord-Holland,425,3
110551138551945,De Sproetenbus,These ads ran without a disclaimer,420,1
114759875350,Leefbaar Rotterdam,Leefbaar Rotterdam,420,17
313228288806437,Motivaction International,Motivaction International B.V.,418,14
105401455133862,Integrity Chamber St.Maarten,Integrity Chamber,404,4
103624878184066,Swipocratie,Swipocratie,400,7
627201893971363,Pvda Den Bosch,PvdA Den Bosch,395,6
116709535026239,Debatpodium Arminius,Stichting Arminius / Debatpodium Arminius,395,14
101286135836913,De Vrijdenkers,De Vrijdenkers,379,7
101782468500004,Accion21,Accion21,378,3
170725579702314,ActionAid Nederland,ActionAid,357,15
1407065656179729,Minister Dangui Oduber,DanguiOduber.com,351,10
161145654049306,Minister Xiomara Maduro,Xiomara Maduro,348,22
205668852785355,Gemeente Zaanstad,Gemeente Zaanstad,346,6
176302182407729,Wijzer in geldzaken,These ads ran without a disclaimer,335,1
139829465882081,wtfff.nl,Stichting Fonds Slachtofferhulp,322,7
201504833529796,Leefbaar Alkmaar,Leefbaar Alkmaar,314,5
102647799813051,Remeha,These ads ran without a disclaimer,303,6
295386630553428,Gemeente Kerkrade,Gemeente Kerkrade,300,2
346781598714044,Gemeente Terneuzen,Gemeente Terneuzen,297,7
677919568988420,FNV Young & United,FNV,292,6
381807211923128,Kipster,Kipster,285,13
150580708294362,AD.nl,DPG Media,282,30
294565660598428,Film Inc Social,Film Inc Social,273,10
1018434581555107,Gemeente Breda,Gemeente Breda,272,2
110390899520034,CIRCL,These ads ran without a disclaimer,266,1
322996051644799,Mirjam Bikker,ChristenUnie,263,4
1443759532507314,Gemeente Beesel,Gemeente Beesel,256,14
687496011309020,Jesse Klaver,GroenLinks,250,1
100616856700002,Gemeente Purmerend,Gemeente Purmerend,250,4
175740570505,GroenLinks,GroenLinks,250,1
122620689140585,Ongehoord Nederland TV,Ongehoord Nederland,247,1
109450251615236,Addax Motors,These ads ran without a disclaimer,245,1
406548067183,Provincie Noord-Brabant,Provincie Noord-Brabant,244,3
439703479409823,ABP Pensioenfonds voor overheid en onderwijs,ABP,240,3
111257452230362,𝙔𝙪𝙨𝙪𝙛 𝘾𝙝𝙖𝙢𝙗𝙚𝙧𝙨,These ads ran without a disclaimer,240,4
135418326502793,RUN DMT,These ads ran without a disclaimer,233,2
100726008456857,Samen Veilig Midden-Nederland,These ads ran without a disclaimer,233,5
104639685512684,Bite Back Nederland,Stichting Bite Back,230,10
147248075354203,Gemeente Heemstede,Gemeente Heemstede,230,5
769751776468587,Argan,Stichting Argan,227,6
319121085698830,Dima Watermelon,These ads ran without a disclaimer,225,4
107952825592399,Feedback EU,Feedback EU,222,8
429985070348084,Haven Rotterdam,Havenbedrijf Rotterdam NV,220,3
1498781793769425,Buitenhof,Buitenhof,217,6
147547541961576,Council of the European Union,Council of the European Union,212,11
125179184015693,Bastiaan Meijer,SP,209,2
105955311154401,Onlinestemtool.nl,Onlinestemtool.nl,206,1
318950288162677,Gemeente Druten,Gemeente Druten,203,3
791931684200806,Gemeente Wijchen,Gemeente Wijchen,203,2
101039903379008,Dordtse VVD,Dordtse VVD,202,3
113176355374503,College Tour,These ads ran without a disclaimer,200,1
150839001615267,Trouw,DPG Media,200,29
105653235845219,Jimmy Dijk,SP,200,4
470525053061109,Goedopweg,These ads ran without a disclaimer,200,2
213656842145627,Leefbaar Almere,Leefbaar Almere,200,8
111476354513058,Gemeenteraad Castricum,Gemeenteraad Castricum,200,2
139886056178812,Raad075,Gemeente Zaanstad - Raadsgriffie,200,1
208578955894331,Bas Eickhout,GroenLinks,200,1
783842828375820,Tineke Strik,GroenLinks,200,1
246789395399573,Gemeente Heerlen,Gemeente Heerlen,197,1
186179268595421,The Black Archives,The Black Archives,196,5
511911518844443,Student & Starter,Student & Starter,195,2
106310819107347,TBI Klimaattrein,TBI Klimaattrein,192,2
1909126929105800,Partij voor behoud van de Nederlandse identiteit,Partij voor behoud van de Nederlandse identiteit,187,23
125628694126042,De Gelderlander,DPG Media,185,51
101675885089320,Coöperatie Laatste Wil,Coöperatie Laatste Wil,185,2
103288542358350,Greenpeace Bonaire,Greenpeace Nederland,182,5
132327223458422,Vakbond De Unie,Vakbond De Unie,182,2
380322462574047,Dit is ook mensenhandel,Sterk Huis,181,5
164165566951558,Brabants Dagblad,DPG Media,180,37
458631057562860,Gemeente Zeist,Gemeente Zeist,177,2
333939901218,Het Parool,DPG Media,173,33
197259153703330,Waterschap Rijn en IJssel,Waterschap Rijn en IJssel,165,2
175740570505,GroenLinks,GroenLinks-PvdA,165,2
430644476957226,VSO Nederland,VSO,163,3
152841728120488,Gemeente De Bilt,Gemeente De Bilt,162,6
234057736713747,Tubantia,DPG Media,162,46
321143681284995,Adb RADAR,Stichting RADAR,158,4
114553031908157,Stichting AAP,Stichting AAP,158,32
102137915688065,Voices for Women,Voices for Women,150,2
2326697260991619,Kim van Sparrentak,GroenLinks,150,1
620610964745269,Gemeente Houten,Gemeente Houten,150,4
104949285613892,AardgasTabé,AardgasTabé,148,3
194274617259054,Reformatorisch Dagblad,Reformatorisch Dagblad,145,10
106916392490601,Co nowego,These ads ran without a disclaimer,143,1
287380574636835,De Stentor,DPG Media,141,32
104235882750656,UP Party - United People's Party,UP Party - United People's Party,141,2
102795058943786,Hart van Hoorn,Liberaal Hoorn,140,11
310846782368652,Nationaal Militair Museum,Nationaal Militair Museum,139,35
439703479409823,ABP Pensioenfonds voor overheid en onderwijs,These ads ran without a disclaimer,139,3
166746636764419,Gemeente Bloemendaal,Gemeente Bloemendaal,139,3
120274484508161,Campagne Daily,BKB | Het Campagnebureau,135,3
104709215016732,JA21 Brabant,JA 21 Brabant,135,2
529757857120942,Rijswijkse VVD,Rijswijkse VVD,135,5
568830633496369,SmartFarm NL,These ads ran without a disclaimer,133,1
100720453432485,PZC,DPG Media,132,31
147710335240518,Eindhovens Dagblad,DPG Media,132,27
229810283742087,BN DeStem,DPG Media,132,31
275725382472738,Gemeente Nijmegen,gemeente Nijmegen,130,2
105927262236676,Later kater onlinecursus,Later kater onlinecursus,127,20
103220632108447,Minister Geoffrey Wever,Geoffrey Wever,123,12
336639406375829,Gemeente Diemen,Gemeente Diemen,120,3
239072336114052,Gemeente Venlo,Gemeente Venlo,117,12
317672531636087,1Twente Enschede,1Twente Enschede,113,4
1558103351147406,Gemeente Stein,Gemeente Stein,111,1
121104358610786,Kevin Eustatia-Palm,Kevin Eustatia-Palm,111,5
1530698000496450,Gemeente Meierijstad,Gemeente Meierijstad,110,2
195305220898593,Amsterdamse Klas,Gemeente Amsterdam,109,2
167597420073347,VVD Helmond,VVD Helmond,108,4
281600435192259,Fonds Slachtofferhulp,These ads ran without a disclaimer,106,1
1158737427670503,Volt Maastricht,Volt Nederland,104,1
94738574348,Boom Chicago,These ads ran without a disclaimer,104,1
100644738397837,Studenten voor Leiden,Studenten voor Leiden,≤100,1
131568243611437,ProDemos - Huis voor democratie en rechtsstaat,ProDemos - Huis voor democratie en rechtsstaat,≤100,2
172860162749495,DOA,DOA,≤100,2
104695262081977,De Zorg van Morgen,De Zorg van Morgen,≤100,2
113766095089042,Kreashon,Kreashon,≤100,2
305671752793332,Paleis Soestdijk,These ads ran without a disclaimer,≤100,1
248146915232092,JOVD,JOVD,≤100,1
310507649013141,Gemeente Noordwijk,Gemeente Noordwijk,≤100,2
115673064877613,Indigenous Liberation Movement,Indigenous Liberation Movement,≤100,3
393631714068016,Hoogheemraadschap van Schieland en de Krimpenerwaard,Hoogheemraadschap van Schieland en de Krimpenerwaard,≤100,4
181031342395,GroenLinks Groningen,GroenLinks Groningen,≤100,1
100237759674715,Arjan Langen - ChristenUnie,Arjan Langen - ChristenUnie,≤100,1
394219543964508,De Bredase VVD,De Bredase VVD,≤100,2
199698003967545,BrewDog,These ads ran without a disclaimer,≤100,1
1440177952905487,NiNsee,NiNsee,≤100,3
765765476839440,Gemeente Veldhoven,Gemeente Veldhoven,≤100,3
105562204522275,Woonwijzerwinkel Limburg,Woonwijzerwinkel Limburg,≤100,2
214703715217685,Gemeenteraad Eindhoven,Gemeenteraad Eindhoven,≤100,2
183700801802134,Minister Glenbert F. Croes,Glenbert F Croes,≤100,12
509675125832784,Pieter Paul Slikker - PvdA 073,PvdA Den Bosch,≤100,5
106990854543417,NN Careers,These ads ran without a disclaimer,≤100,1
106031815565093,Geeksoutfit,These ads ran without a disclaimer,≤100,11
226796177495455,ONS Vlaardingen,ONS Vlaardingen,≤100,7
976825745813543,Partij voor de Dieren Gemeente Groningen,Partij voor de Dieren Gemeente Groningen,≤100,5
196525450479383,Republiek,Republiek,≤100,2
249603552288,pinkpolitiek,PINK!,≤100,1
527351247377965,European Committee of the Regions,European Committee of the Regions,≤100,42
103004792660944,Longleaf Valley,These ads ran without a disclaimer,≤100,4
428104614591483,Gemeentebelangen Purmerend,Gemeentebelangen Purmerend,≤100,10
210455475818306,Stadsbelang Utrecht,Stadsbelang Utrecht,≤100,4
271066026628662,Gemeente Albrandswaard,Gemeente Albrandswaard,≤100,2
106071838152724,CDA Opmeer,CDA Opmeer,≤100,2
103377668330393,Mirësi Për Botën,These ads ran without a disclaimer,≤100,5
563054380447532,Rosmalens Belang,Rosmalens Belang,≤100,9
225044264301061,VVD Nijmegen,VVD Nijmegen,≤100,3
1634172096688656,Duurzaam De Bilt,Duurzaam De Bilt,≤100,4
500541859965401,BECO - Bernhezer Energie Coöperatie,om | nieuwe energie,≤100,1
323597857784791,Micha Nederland,Micha Nederland,≤100,1
92015903943,ChristenUnie Altena,ChristenUnie Altena,≤100,2
172569356129391,Gemeente Lelystad,Gemeente Lelystad,≤100,2
125163257350478,Daniël J. van den Berg,Stichting Ondersteuning Statenfractie JA21 Noord-Holland,≤100,2
346976678707744,Coöperatie ValleiEnergie,om | nieuwe energie,≤100,1
222104048265553,Deelstroom Delft,om | nieuwe energie,≤100,1
107079447416964,Lokalen Hoeksche Waard,Lokalen Hoeksche Waard,≤100,10
100200532855012,Pyrpose,These ads ran without a disclaimer,≤100,1
130678557630320,Gabinete Wever-Croes,Gobierno di Aruba,≤100,5
749374135168834,Home-Start Amsterdam,Home-Start Amsterdam,≤100,2
107042108303694,Partij Sleutelstad Leiden,Politieke Vereniging PS (Partij Sleutelstad),≤100,8
528421427241283,Inwonersbelangen,Inwonersbelangen,≤100,2
279143762163386,Weert Energie,om | nieuwe energie,≤100,1
165914046762784,PvdA Limburg,PvdA Limburg,≤100,2
524253167643784,Leudal Energie,om | nieuwe energie,≤100,1
177361612952347,Opgewekt Rijssen,om | nieuwe energie,≤100,1
103887405732048,Leimuiden Duurzaam I om,om | nieuwe energie,≤100,1
188153765252,GOGBOT,PLANETART,≤100,1
102643112351705,Modern Families,These ads ran without a disclaimer,≤100,4
737752176243177,Meld.Online Discriminatie,mindnederland.nl,≤100,3
112387018624778,Henk Krol - BVNL,BVNL - Belang van Nederland,≤100,2
208032132579030,PvdA Groningen,PvdA Groningen,≤100,2
116265614899409,Sieta van Keimpema - BVNL,BVNL - Belang van Nederland,≤100,2
114239984509601,Christelijk Verbond Oldebroek - CVO,Christelijk Verbond Oldebroek (CVO),≤100,2
122589134531844,Partij voor de Dieren Den Haag,Partij voor de Dieren Den Haag,≤100,2
105751229271592,B-News,These ads ran without a disclaimer,≤100,1
948873491922663,Gemeente Culemborg,Gemeente Culemborg,≤100,28
109917342506318,Gemeente Wijdemeren,Gemeente Wijdemeren,≤100,1
237579686441644,BENG De Bilt,BENG De Bilt,≤100,2
517806454943781,CDA Hoogeveen,CDA Hoogeveen,≤100,3
138716512980750,Europa in Nederland,De Vertegenwoordiging van de Europese Commissie,≤100,2
120087784724637,Winq.nl,Winq.nl,≤100,1
113236179157718,Nieuwe Lansinger Stroom,om | nieuwe energie,≤100,1
216094675197327,Codename Future,Codename Future,≤100,2
114085115054113,Darryl York,Darryl York,≤100,3
372196559592606,Christian Council International,Transatlantic Christian Council,≤100,2
158944324185744,Defence for Children,Defence for Children,≤100,1
2132569696775375,CDAV Zeeland,CDAV Zeeland,≤100,2
124437437568745,Humanistisch Verbond Amsterdam Amstelland,Humanistisch Verbond Amsterdam Amstelland,≤100,2
715337551812957,One Ummah,These ads ran without a disclaimer,≤100,7
102342116095453,Almelo-Energie,om | nieuwe energie,≤100,1
1578207155778133,Moonshot Switzerland,These ads ran without a disclaimer,≤100,1
272230419490546,VVD Tilburg,VVD Tilburg,≤100,5
436101979807727,Pointer (KRO-NCRV),Pointer KRO-NCRV,≤100,6
183493252137829,Reindonk Energie & Co,om | nieuwe energie,≤100,1
398031034777,LUX Nijmegen,These ads ran without a disclaimer,≤100,1
186655358205116,PvdA Deventer,PvdA Deventer,≤100,1
1821420254840010,Bietenclub,Bietenclub,≤100,3
102089332305708,Belang van Bergen op Zoom,Belang van Bergen op Zoom,≤100,3
125009584827287,Enschede Energie l om,om | nieuwe energie,≤100,1
366594150140313,Gemeente Beverwijk,Gemeente Beverwijk,≤100,1
104024417686758,Vera Tax,PvdA Europa,≤100,3
194274617259054,Reformatorisch Dagblad,These ads ran without a disclaimer,≤100,1
100405348190743,Energiecoöperatie 2030.nu,om | nieuwe energie,≤100,1
117128052210675,VVD Halderberge,VVD Halderberge,≤100,2
423186758190791,ADE Green,These ads ran without a disclaimer,≤100,1
379752595561192,ZutphenEnergie l om,om | nieuwe energie,≤100,1
109779981714631,Voor-BergenopZoom,Voor-BergenopZoom,≤100,3
287628787917938,Fundacion Autismo Aruba,Fundacion Autismo Aruba,≤100,5
171189343836,Open Universiteit,Open Universiteit,≤100,2
784559828291177,SGP Zeeland,SGP Zeeland,≤100,1
102979211781866,Duurzame stad Den Haag,These ads ran without a disclaimer,≤100,1
772951762810345,Vote Company,Vote Company,≤100,1
176834235665336,Blossom Books,Blossom Books,≤100,3
381853668686946,GroenLinks Parkstad,GroenLinks,≤100,4
1394582757456102,De Bossche Groenen,De Bossche Groenen,≤100,3
167602510568684,Energie Coöperatie Epe,om | nieuwe energie,≤100,1
1753472264956492,PvdA Schouwen-Duiveland,PvdA afdeling Schouwen-Duiveland,≤100,1
1440600712909311,Peel Energie l om,om | nieuwe energie,≤100,1
975817182442216,EigenWijkse Energie Coöperatie,om | nieuwe energie,≤100,1
1116507845099305,Leefbaar Zeewolde,Leefbaar Zeewolde,≤100,1
115119114911386,Heuvelrug Energie,om | nieuwe energie,≤100,1
1620702054889968,On the way to PlanetProof,These ads ran without a disclaimer,≤100,2
379083586253587,Samira Rafaela,Samira Rafaela MEP,≤100,13
1176612319095526,Boeskoolstroom,om | nieuwe energie,≤100,1
102065011961200,"Coöperatie DaalmeerZon UA, Alkmaar",om | nieuwe energie,≤100,1
102707195612974,Zon op Woudenberg,om | nieuwe energie,≤100,1
100345376686972,SP Amsterdam,SP Amsterdam,≤100,2
930099740342915,VVD Eemsdelta,VVD,≤100,1
212705185573932,BrummenEnergie,om | nieuwe energie,≤100,1
118413801182751,Peilingen Nederland,Peilingen Nederland,≤100,1
100485764982266,Only One,These ads ran without a disclaimer,≤100,1
460264454006488,Jonge Democraten Arnhem-Nijmegen,Jonge Democraten Arnhem-Nijmegen,≤100,2
170338780013838,Eemnes Energie,om | nieuwe energie,≤100,1
231823556844129,De Barneveldse VVD,VVD Barneveld,≤100,2
294330347906743,Loenen Energie,om | nieuwe energie,≤100,1
100472482180113,Katwijkse Energie Coöperatie,om | nieuwe energie,≤100,1
166967083703793,Vrijstad Energie,om | nieuwe energie,≤100,1
726893394121463,Coöperatie Alkmaar Energie: samen naar een duurzame stad,om | nieuwe energie,≤100,1
147493635356528,TexelEnergie,om | nieuwe energie,≤100,1
439825796096145,Energie Gilze Rijen,om | nieuwe energie,≤100,1
104305961936946,Voorthuizen Duurzaam l om,om | nieuwe energie,≤100,1
170902079673829,Ørsted,Ørsted,≤100,45
1772589466354485,Betuwewind,om | nieuwe energie,≤100,1
110534221524811,DWB Redactie,om | nieuwe energie,≤100,1
111629548986169,Rijn en IJssel Energiecooperatie,om | nieuwe energie,≤100,1
561628773921217,De Groene Reus,om | nieuwe energie,≤100,1
168156496704899,Energiek Halderberge l om,om | nieuwe energie,≤100,1
108837623977703,Haagse Stroom l om,om | nieuwe energie,≤100,1
547083862471452,WeSpark Energie l om,om | nieuwe energie,≤100,1
1965685560157895,eCoBuren,om | nieuwe energie,≤100,1
1714641885505076,Zootje Geregeld,Milieu Centraal,≤100,1
121633857509230,Nick van Nifterik,These ads ran without a disclaimer,≤100,3
1970677203219506,Goed Veur Mekare U.A.,om | nieuwe energie,≤100,1
353309898500985,Ahmadiyya Moslim Gemeenschap Nederland,Ahmadiyya Moslim Gemeenschap,≤100,1
108447247690852,Zon op Teylingen,om | nieuwe energie,≤100,1
108625789179165,Soi Dog Foundation,These ads ran without a disclaimer,≤100,1
202247686455791,KRO-NCRV,KRO-NCRV,≤100,1
511625975545164,"Wakker Emmen, gewoon doen.",Wifi´s,≤100,3
2059676497633159,ECLoZ l om,om | nieuwe energie,≤100,1
1387354408205051,Gemeente Velsen,Gemeente Velsen,≤100,1
110540418715,VIER VOETERS,These ads ran without a disclaimer,≤100,6
103294481125773,HWDuurzaam l om,om | nieuwe energie,≤100,1
287760994685634,Het Kontakt - Alblasserwaard,Het Kontakt Edities,≤100,2
1910095339295400,DUEC,om | nieuwe energie,≤100,1
133720236695807,Werken voor Nederland,These ads ran without a disclaimer,≤100,2
104407041052292,Democratie voor Duurstede,Duurstede voor Democratie,≤100,1
358414441297967,Vlaardingse VVD,Vlaardingse VVD,≤100,1
1916281625255938,Vrij Beverwijk,Vrij Beverwijk,≤100,4
192600774817587,CDA Harlingen,CDA Harlingen,≤100,4
198486356863605,Longfonds,These ads ran without a disclaimer,≤100,1
687589164666184,MasterClass,These ads ran without a disclaimer,≤100,3
263903127806483,Kuwi,Kuwi.org,≤100,1
433611050005553,SGP,SGP,≤100,2
1412530858983763,PvdA & GroenLinks Goes,PvdA & GroenLinks Goes,≤100,2
344872245604991,Dolfinariumvrij Nederland,Stichting Bite Back,≤100,1
100290789515779,Carlos Guiamo,Carlos Guiamo,≤100,4
434756543235602,GroenLinks Alphen aan den Rijn,GroenLinks Alphen aan den Rijn,≤100,1
751427151608409,Water Natuurlijk Limburg,Water Natuurlijk Limburg,≤100,1
112029311397204,Ava-nl,Stichting Ava,≤100,3
320110478363557,Decisions,These ads ran without a disclaimer,≤100,1
715071878511707,GBW - GemeenteBelang Westland,GBW,≤100,2
196919890325295,Gemeente Steenwijkerland,Gemeente Steenwijkerland,≤100,4
289522761094912,SP Breda,SP Breda,≤100,2
109942124483159,BEP Magazine,These ads ran without a disclaimer,≤100,1
288295911466,Greenpeace Nederland,These ads ran without a disclaimer,≤100,2
461643670558887,Supporter van Schoon,These ads ran without a disclaimer,≤100,1
108192241954566,star.management.week,These ads ran without a disclaimer,≤100,1
508295939216427,Lijst Kras,Lijst Kras,≤100,1
259613427387423,De Balie,These ads ran without a disclaimer,≤100,2
597205093759430,"Frank Buijs, CDA",CDA,≤100,3
119992217779767,Euro Новости,These ads ran without a disclaimer,≤100,1
110972208355597,Easly,These ads ran without a disclaimer,≤100,1
100222802739393,doelekkergezond,These ads ran without a disclaimer,≤100,1
1185915814844670,Bente scheepers,These ads ran without a disclaimer,≤100,2
1008628235868238,Bladel Transparant,Bladel Transparant,≤100,3
100424352399009,"Parlamentario Raymicheline ""Misha"" Raymond",Fractie Raiz,≤100,1
114319561948157,PCRF - Palestine Children's Relief Fund,These ads ran without a disclaimer,≤100,3
113716831685160,Ahold Delhaize Careers,These ads ran without a disclaimer,≤100,1
112278821780189,burgemeesterserie,burgemeesterserie,≤100,1
233357770204488,Onbeperkt aan de Slag,Social Media Helden,≤100,2
138553482994927,Partij voor de Dieren Dordrecht,Partij voor de Dieren Dordrecht,≤100,1
115091964869318,Something Borrowed NL,These ads ran without a disclaimer,≤100,1
339241753098101,SP Veenendaal,SP Veenendaal,≤100,4
490626957637507,Eco-Logisch - Wonen en Leven,These ads ran without a disclaimer,≤100,1
166000986760138,CoMensha. Hét Coördinatiecentrum tegen mensenhandel,Comensha,≤100,6
102830515510491,Koen Vossen PvdA,Koen Vossen PvdA,≤100,1
114481345045873,Gewoon Goede Sollicitanten,These ads ran without a disclaimer,≤100,1
1714641885505076,Zootje Geregeld,These ads ran without a disclaimer,≤100,1
433476170049477,Gemeente Almelo,Gemeente Almelo,≤100,2
107898832590939,European Commission,European Commission,≤100,6
101837288924546,Muslimi,These ads ran without a disclaimer,≤100,3
491738964280152,ELP,Eerste Lokale Partij,≤100,1
377663468931676,Milieucafé Tilburg,Milieucafé Tilburg,≤100,1
111013227386261,Wonen doen we Samen,These ads ran without a disclaimer,≤100,1
108104245017749,Досягнення Євроінтеграції,These ads ran without a disclaimer,≤100,3
261016668102213,Embassy of Armenia in The Netherlands/ Նիդերլանդներում ՀՀ դեսպանություն,These ads ran without a disclaimer,≤100,1
108932785450132,Natuur voor Elkaar,Natuur voor Elkaar,≤100,3
105255298963385,Cultural Emergency Response,These ads ran without a disclaimer,≤100,1
682179225133843,Partij Nieuw Echt-Susteren,Partij Nieuw Echt-Susteren,≤100,1
366931160160935,VVD Hendrik-Ido-Ambacht,VVD Hendrik-Ido-Ambacht,≤100,1
109845894883701,Gemeentebelangen Olst-Wijhe,Gemeentebelangen Olst-Wijhe,≤100,1
299658540148252,Piratenpartij Amsterdam,Piratenpartij Amsterdam,≤100,1
1393238777596674,Heusden één,Heusden één,≤100,1
490800347621521,Progressief Woerden,Progressief Woerden,≤100,1
924019610958351,CDA Krimpenerwaard,CDA Krimpenerwaard,≤100,1
218293744855687,Gemeente Veenendaal,Gemeente Veenendaal,≤100,1
132031878648,Natuurmonumenten,Vereniging tot Behoud van Natuurmonumenten in Nederland,≤100,1
107527845497610,Stichting Maja Anjohuis,These ads ran without a disclaimer,≤100,1
109966852161945,Evergreen Speed Networking,These ads ran without a disclaimer,≤100,5
732205243634926,PvdA Heiloo,PvdA Heiloo,≤100,2
108409526428514,RAIZ ARUBA,RAIZ Aruba,≤100,2
677919568988420,FNV Young & United,These ads ran without a disclaimer,≤100,1
106479017486767,Mercy to Humanity - جَمْعِيَة رَحْمَةً لِلْعَالَمِين,These ads ran without a disclaimer,≤100,6
388745857906285,ChristenUnie Barneveld,ChristenUnie Barneveld,≤100,1
103738418985627,Mudita PMU,These ads ran without a disclaimer,≤100,1
147248861797971,Of Course cursussen,These ads ran without a disclaimer,≤100,1
105372891247122,Armanddewit.com,These ads ran without a disclaimer,≤100,1
117126223022089,Bistroo,These ads ran without a disclaimer,≤100,1
102834919752691,Monster,These ads ran without a disclaimer,≤100,1
115199346929866,Escape with Lianne,These ads ran without a disclaimer,≤100,1
269087576548240,Masada,These ads ran without a disclaimer,≤100,1
1695510664009989,HVC Groep,These ads ran without a disclaimer,≤100,3
508079819307153,PvdA Almelo,PvdA,≤100,1
473422542679870,VVD Alphen a/d Rijn,VVD Alphen a/d Rijn,≤100,1
263683240322967,VVD Teylingen,VVD Teylingen,≤100,1
105401241918482,CDA Kampen,CDA Kampen,≤100,1
454320938040202,Gemeente Belangen Hendrik-Ido-Ambacht,Gemeente Belangen,≤100,1
100110105027855,Hart voor Medemblik - HvM,Hart voor Medemblik,≤100,1
223379487703566,VVD Westland,VVD Westland,≤100,1
109246278239648,Zandvoort Echt Een,Zandvoort Echt Een,≤100,1
103433580997328,D66 Gemeente Epe,D66 gemeente Epe,≤100,1
173093932707101,Apotheek.nl,KNMP,≤100,3
145751698819583,VVD Leiden,VVD Leiden,≤100,1
157006757484869,VVD Gouda,VVD Gouda,≤100,1
316719818346344,PvdA Borger-Odoorn,PvdA Borger-Odoorn,≤100,2
299553243443758,CDA Goeree-Overflakkee,CDA Goeree-Overflakkee,≤100,1
190231243842,De Groene Amsterdammer,These ads ran without a disclaimer,≤100,1
1936434949715365,Moneywise.com,These ads ran without a disclaimer,≤100,3
106948334177632,Mediaplanet Netherlands,These ads ran without a disclaimer,≤100,1
100451933698060,AdVenture Communist,These ads ran without a disclaimer,≤100,1
297779776717,KPN,These ads ran without a disclaimer,≤100,1
144709575593854,EESC - European Economic and Social Committee,EESC - European Economic and Social Committee,≤100,16
142422255611429,janneke.vanlierop,These ads ran without a disclaimer,≤100,1
103664338726132,VOTE Valkenswaard,VOTE Valkenswaard,≤100,2
1551685171765775,FNV Uitzendkrachten,FNV,≤100,1
104429105278155,Dương Oanh,These ads ran without a disclaimer,≤100,1
108714518691126,Monkeflow,These ads ran without a disclaimer,≤100,1
1534247279943350,Minister Cijntje Ruisandro,These ads ran without a disclaimer,≤100,1
108092735053920,Howard Scarlett,These ads ran without a disclaimer,≤100,2
134267673299598,NPO Radio 1,These ads ran without a disclaimer,≤100,1
113224558473484,Femke Hoekstra Wittebol -PvdA 073,Femke Hoekstra Wittebol -PvdA 073,≤100,1
107460269036040,geencensuuronline,These ads ran without a disclaimer,≤100,1
275758569814605,Cooking 4 All,These ads ran without a disclaimer,≤100,2
267353906619818,Mr. Gugu & Miss Go,These ads ran without a disclaimer,≤100,3
106638285547003,Paradox ZZ cat,These ads ran without a disclaimer,≤100,2
114025938452734,FactFusion,These ads ran without a disclaimer,≤100,2
130555927052024,Roosevelt Institute for American Studies,These ads ran without a disclaimer,≤100,1
232479886816529,Cambridge Institute for Sustainability Leadership,These ads ran without a disclaimer,≤100,1
437183443030747,Rijksvastgoedbedrijf,These ads ran without a disclaimer,≤100,1
106576952417367,Groenblauw Twente,These ads ran without a disclaimer,≤100,1
1623561707733915,Samen Tegen Voedselverspilling,These ads ran without a disclaimer,≤100,1
1212926025482591,DURF,DURF,≤100,1
101239372424190,Rivas Nyla,These ads ran without a disclaimer,≤100,1
189573671067147,ASKO,These ads ran without a disclaimer,≤100,2
208578599152278,Secretary Management Institute,These ads ran without a disclaimer,≤100,1
682906438559761,LARQ,These ads ran without a disclaimer,≤100,1
288607211258386,ROLEX,These ads ran without a disclaimer,≤100,4
317158175535179,BitLife,These ads ran without a disclaimer,≤100,1
429985070348084,Haven Rotterdam,These ads ran without a disclaimer,≤100,1
664240143651470,EAZ Wind,These ads ran without a disclaimer,≤100,1
345771272624972,Aftermath,These ads ran without a disclaimer,≤100,1
580606401968936,Alliade,These ads ran without a disclaimer,≤100,1
168787788788,IamExpat in the Netherlands,These ads ran without a disclaimer,≤100,1
562378543780840,King Kong Co.,These ads ran without a disclaimer,≤100,1
109804718490788,ReBuild Ukraine,These ads ran without a disclaimer,≤100,3
102860308463749,Intimideer mij niet,BO Diversity,≤100,2
877571462392430,50plus Rotterdam,50PLUS Rotterdam,≤100,3
676286926157726,Deceuninck,These ads ran without a disclaimer,≤100,2
150431498344118,DCM,These ads ran without a disclaimer,≤100,1
105425385623607,You Can immigration,These ads ran without a disclaimer,≤100,1
100582992660313,ayseyazilitas,These ads ran without a disclaimer,≤100,1
111068872040824,Super Quiz,These ads ran without a disclaimer,≤100,2
379094922828522,News Europenian,These ads ran without a disclaimer,≤100,1
106533748956510,Beast Lord: The New Land,These ads ran without a disclaimer,≤100,1
106303762536812,punchlinepress,These ads ran without a disclaimer,≤100,1
401099699901738,De Maaspoort Theater & Events Venlo,These ads ran without a disclaimer,≤100,1
104872865565805,Lady Mi,These ads ran without a disclaimer,≤100,1
125129784184444,Hewlett Packard Enterprise,These ads ran without a disclaimer,≤100,1
104236466038903,ConsciousUmmi,These ads ran without a disclaimer,≤100,1
232299273461028,Gemeente Utrecht,These ads ran without a disclaimer,≤100,1
109280531740678,Arşimed Saç Ekimi,These ads ran without a disclaimer,≤100,2
103237888271515,Iman Gadzhi - Entrepreneur,These ads ran without a disclaimer,≤100,3
101173452598541,Garryx R,These ads ran without a disclaimer,≤100,1
350598836853,Natuur en Milieufederatie Utrecht - NMU,These ads ran without a disclaimer,≤100,1
121350964566751,DHL Motorsports,These ads ran without a disclaimer,≤100,1
106348682400630,Nova - AI Chatbot,These ads ran without a disclaimer,≤100,2
102635655320437,Number Match - Logic Puzzle Game,These ads ran without a disclaimer,≤100,5
148235585038794,A hug to an IDF soldier,These ads ran without a disclaimer,≤100,1
105921372337271,Haarlems Vertier,These ads ran without a disclaimer,≤100,1
104971026044135,Libra-Official,These ads ran without a disclaimer,≤100,1
101079251312348,adesso NL,These ads ran without a disclaimer,≤100,1
505260649908067,Utopie Grand Café,These ads ran without a disclaimer,≤100,1
118582591622050,Provincie Limburg,These ads ran without a disclaimer,≤100,2
118065600481031,Nutrióloga Alejandra Gálvez,These ads ran without a disclaimer,≤100,1
209441512399799,LG Global,These ads ran without a disclaimer,≤100,4
887517398029332,Jayfred,These ads ran without a disclaimer,≤100,1
130295440160223,Türkiye Gündemi,These ads ran without a disclaimer,≤100,1
119990051370181,Stichting voor Vluchteling-Studenten UAF,These ads ran without a disclaimer,≤100,1
108709531702069,MYT Shutters Europe,These ads ran without a disclaimer,≤100,1
111648324914814,maanarak.art,These ads ran without a disclaimer,≤100,1
104812052410229,Green pineapple,These ads ran without a disclaimer,≤100,1
104267088857196,Brooke's Picks,These ads ran without a disclaimer,≤100,1
205424259551558,Gemeente Leudal,These ads ran without a disclaimer,≤100,1
104931595013425,Achievers Must,These ads ran without a disclaimer,≤100,1
1458684454443367,GAP Talent,These ads ran without a disclaimer,≤100,2
132843257179595,D66 Rijswijk,These ads ran without a disclaimer,≤100,1
1665415480386176,Radicalisation Awareness Network - RAN,These ads ran without a disclaimer,≤100,1
115121535188191,Economist Impact events,These ads ran without a disclaimer,≤100,1
168227513199312,Museum Rotterdam,These ads ran without a disclaimer,≤100,2
106055962413813,Akin Gump Strauss Hauer & Feld LLP,These ads ran without a disclaimer,≤100,2
1464298707045752,Bocas Restaurant,These ads ran without a disclaimer,≤100,1
105615548772869,englishwithdoa,These ads ran without a disclaimer,≤100,1
113949954993614,MENA Research Center,These ads ran without a disclaimer,≤100,1
141689092670478,Open Doors,These ads ran without a disclaimer,≤100,1
880922645401876,RWE,These ads ran without a disclaimer,≤100,7
698451706850384,CDA Noordwijk-Noordwijkerhout-De Zilk,CDA Noordwijk-Noordwijkerhout-De Zilk,≤100,1
182708684718,Sounds True,These ads ran without a disclaimer,≤100,4
129932463689142,Uitgeverij Aspekt,These ads ran without a disclaimer,≤100,3
144885375589624,Würth Nederland,These ads ran without a disclaimer,≤100,1
452698708260129,GroenLinks Westland,GroenLinks Westland,≤100,1
133802989814046,Geagosne,These ads ran without a disclaimer,≤100,2
313228288806437,Motivaction International,These ads ran without a disclaimer,≤100,1
155845967818331,BEN HAVIOUR,These ads ran without a disclaimer,≤100,1
115612091437347,JJ Power Service BV,These ads ran without a disclaimer,≤100,1
124284544097797,Met_Bon,These ads ran without a disclaimer,≤100,1
959056307619135,Just Perfact,These ads ran without a disclaimer,≤100,14
113302621587505,Lehosheet Yad,These ads ran without a disclaimer,≤100,1
106431021810573,Studio by the Seaside,These ads ran without a disclaimer,≤100,6
1326836347434998,PvdA Soest en Soesterberg,PvdA,≤100,1
318421238756288,Are you R Dutch,These ads ran without a disclaimer,≤100,1
541492152534055,Novemberfest Esbeek,These ads ran without a disclaimer,≤100,2
125890843945297,Tuanekal,These ads ran without a disclaimer,≤100,2
574521942961684,WALLIEN,These ads ran without a disclaimer,≤100,1
185561295623272,Move To Help Foundation,These ads ran without a disclaimer,≤100,1
1655459968034730,Alejandro Cuello A.C.O,These ads ran without a disclaimer,≤100,1
294615500888608,Interface,These ads ran without a disclaimer,≤100,1
119127771544273,Zonnelux Raamdecoratie,These ads ran without a disclaimer,≤100,1
121350077606622,May cham,These ads ran without a disclaimer,≤100,1
358733860458,IÉSEG School of Management,These ads ran without a disclaimer,≤100,2
122101420022006718,Jong BVNL,These ads ran without a disclaimer,≤100,1
567125883668607,Werken bij Stedin,These ads ran without a disclaimer,≤100,1
375099045861831,Zonneplan,These ads ran without a disclaimer,≤100,1
1374723796115345,Glashütte Original,These ads ran without a disclaimer,≤100,1
113241125366630,Liander,These ads ran without a disclaimer,≤100,1
237177026378295,Justdiggit,These ads ran without a disclaimer,≤100,2
135705233275850,Prinsjesfestival,These ads ran without a disclaimer,≤100,1
107139425820538,Bear Leader,These ads ran without a disclaimer,≤100,3
193937973958596,Cvandaag,These ads ran without a disclaimer,≤100,1
109674908264183,Kiosk.nl,These ads ran without a disclaimer,≤100,3
100756922978448,Plane To Paris,These ads ran without a disclaimer,≤100,1
119617391236625,Edukimchi,These ads ran without a disclaimer,≤100,1
157765674076397,Tuasnaek,These ads ran without a disclaimer,≤100,1
1637904086536648,FEFCO,These ads ran without a disclaimer,≤100,2
102448416262510,The Female Fix,These ads ran without a disclaimer,≤100,1
107106492207408,HeadrøøM,These ads ran without a disclaimer,≤100,1
215357001852807,Gemeente Heerenveen,These ads ran without a disclaimer,≤100,1
101279142618358,Saspopmusic,These ads ran without a disclaimer,≤100,2
105753444620977,Patricia van de Vijver,Patricia van de Vijver,≤100,1
550751965021284,Success Resources,These ads ran without a disclaimer,≤100,1
319860332064933,De Nieuwe Gevers,These ads ran without a disclaimer,≤100,2
148959734960759,Jbaejtbe,These ads ran without a disclaimer,≤100,1
107810169072167,bersamamagazine,These ads ran without a disclaimer,≤100,1
271921076474316,Beyond the Corals,These ads ran without a disclaimer,≤100,1
128704930319958,Zonnepanelen,These ads ran without a disclaimer,≤100,1
132548533271342,FeelBeauty,These ads ran without a disclaimer,≤100,1
1751603838386676,131 Aruba - Telefon pa Hubentud,These ads ran without a disclaimer,≤100,1
1309086942488181,Fillot Serge,These ads ran without a disclaimer,≤100,1
102601425755050,Pro Eduká,These ads ran without a disclaimer,≤100,1
103152251918116,Panda Report,These ads ran without a disclaimer,≤100,2
108417470727707,B-Energy,These ads ran without a disclaimer,≤100,1
150839001615267,Trouw,These ads ran without a disclaimer,≤100,1
109012191496568,The Fabcrunch Media,These ads ran without a disclaimer,≤100,2
1982725235124547,DoFasting,These ads ran without a disclaimer,≤100,1
189892208431158,That's Entertainment,These ads ran without a disclaimer,≤100,2
103607319058635,Mobipunt BV,These ads ran without a disclaimer,≤100,1
105483812509598,UIT in Bemmel Markt,These ads ran without a disclaimer,≤100,1
217489526367034,Omroep Bersama,These ads ran without a disclaimer,≤100,1
116066208106047,عالم مثير للاهتمام,These ads ran without a disclaimer,≤100,1
1185959051417246,Netivyah Bible Instruction Ministry,These ads ran without a disclaimer,≤100,1
106450597396864,Youni App,These ads ran without a disclaimer,≤100,1
113049521707406,BildFs,These ads ran without a disclaimer,≤100,1
1073900185960998,Stichting De Houten Haarlemmer,These ads ran without a disclaimer,≤100,1
105123379552892,TVP Polonia,These ads ran without a disclaimer,≤100,2
102749896226364,חיים בשביל החי,These ads ran without a disclaimer,≤100,3
100142840161003,Billy Gene Is A.I. & XR Marketing,These ads ran without a disclaimer,≤100,2
316429945426,Aalto University,These ads ran without a disclaimer,≤100,1
421571901231358,Meewind,These ads ran without a disclaimer,≤100,2
106409892455091,Rave in der Röhre,These ads ran without a disclaimer,≤100,2
104415868906625,Finddle.nl,These ads ran without a disclaimer,≤100,2
100831079766023,allfeminineenergy,These ads ran without a disclaimer,≤100,1
238292489687703,Face to Face Olympisch Kwartier,These ads ran without a disclaimer,≤100,1
220138834728873,PvdA Kerkrade,PvdA Kerkrade,≤100,1
102442246167029,omyc__,These ads ran without a disclaimer,≤100,1
151520405338873,Zainab Tight Talk Show Natural Remedy,These ads ran without a disclaimer,≤100,1
113389175339015,Amsterdam Fringe Festival,These ads ran without a disclaimer,≤100,1
704271839602425,Leven van de wind,These ads ran without a disclaimer,≤100,1
106693944124090,happn,These ads ran without a disclaimer,≤100,1
123809581083280,De Theatertroep,These ads ran without a disclaimer,≤100,1
101979012349,Christopher Williams the Black Davinci,These ads ran without a disclaimer,≤100,1
121025167751652,danielmizere,These ads ran without a disclaimer,≤100,1
361691628003200,We Are Warming Up,These ads ran without a disclaimer,≤100,1
1521228104758031,Woningcorporatie Mooiland,These ads ran without a disclaimer,≤100,1
104002928883686,Somatic Institute For Women,These ads ran without a disclaimer,≤100,3
34042575517,Familia Torres,These ads ran without a disclaimer,≤100,1
1495563007133482,Mifram Security,These ads ran without a disclaimer,≤100,1
425885917548145,Delfshaven,These ads ran without a disclaimer,≤100,1
796595897152830,Cositas bellas,These ads ran without a disclaimer,≤100,1
1504947526396040,NOBODY HAS TO KNOW,These ads ran without a disclaimer,≤100,1
621113391368636,Burdur IHH,These ads ran without a disclaimer,≤100,1
101421501819302,Le Hoang,These ads ran without a disclaimer,≤100,1
109425299798091,PZF,These ads ran without a disclaimer,≤100,1
105887247511458,Edelbox,These ads ran without a disclaimer,≤100,1
102694049539010,Don't Starve: Pocket Edition,These ads ran without a disclaimer,≤100,4
135616303268842,Cals College Nieuwegein,These ads ran without a disclaimer,≤100,1
101652812813813,Explicitu.,These ads ran without a disclaimer,≤100,1
106871370841727,Energy & Utilities,These ads ran without a disclaimer,≤100,1
151914131333362,Европейская Пульсация,These ads ran without a disclaimer,≤100,1
255242164991518,Christ Mission Rotterdam,These ads ran without a disclaimer,≤100,1
108258011531679,Futbolete - Stories,These ads ran without a disclaimer,≤100,1
106705935507742,Billycity,These ads ran without a disclaimer,≤100,5
132162020265257,ProWein,These ads ran without a disclaimer,≤100,1
113433751755357,Solarluck shop,These ads ran without a disclaimer,≤100,3
104851342313586,The Lead Nepal,These ads ran without a disclaimer,≤100,1
115012051692352,Rosebud 2,These ads ran without a disclaimer,≤100,1
535653566608632,Goodwings,These ads ran without a disclaimer,≤100,1
102384992953862,2050 Paris,These ads ran without a disclaimer,≤100,1
109737577837060,Livereid,These ads ran without a disclaimer,≤100,5
235799696444971,CNV Onderwijs,These ads ran without a disclaimer,≤100,1
110267568800085,planet_2045,These ads ran without a disclaimer,≤100,1
111006391590341,T-K-V,These ads ran without a disclaimer,≤100,1
100480053074809,Máquina de Activos,These ads ran without a disclaimer,≤100,1
112092784896737,tare.alba,These ads ran without a disclaimer,≤100,3
692423567477734,Hart voor Bloemendaal,These ads ran without a disclaimer,≤100,1
214662925671556,Uitgeverij Polemos,These ads ran without a disclaimer,≤100,1
1482107425422653,Bar.Diamonds,These ads ran without a disclaimer,≤100,1
430173224018583,Gustave,These ads ran without a disclaimer,≤100,1
107644257355240,Fuarim,These ads ran without a disclaimer,≤100,1
106288525210391,Analytics,These ads ran without a disclaimer,≤100,1
113606168346469,orcusinsights,These ads ran without a disclaimer,≤100,1
108160621678261,Nationale Duurzame Bedrijven Route,These ads ran without a disclaimer,≤100,1
439315239858019,Sundown Youth Baseball,These ads ran without a disclaimer,≤100,1
343553249697748,Etti Samana Marks,These ads ran without a disclaimer,≤100,1
114298491670578,Fish Farm Tycoon: Idle Factory,These ads ran without a disclaimer,≤100,1
121972967566364,PIT - Sittard-Geleen,PIT,≤100,1
115725503207434,Nederlandse vrienden van Israël,These ads ran without a disclaimer,≤100,1
100925458042748,Viatris,These ads ran without a disclaimer,≤100,1
145114512238966,XA Technologies,These ads ran without a disclaimer,≤100,2
1526469364334033,"Justin Brown, Ideapod",These ads ran without a disclaimer,≤100,1
181668012300697,Cultuurfabriek Voorschoten,These ads ran without a disclaimer,≤100,1
103688664550419,Académie de Basketball UCA -  AUCA,These ads ran without a disclaimer,≤100,1
141955282336669,Doughnout,These ads ran without a disclaimer,≤100,1
162387543615491,Коротко о главном,These ads ran without a disclaimer,≤100,1
612409275924301,The Daddest Social,These ads ran without a disclaimer,≤100,1
108003688977456,Wabi Sabi,These ads ran without a disclaimer,≤100,1
121136331075042,iliesselbadaoui,These ads ran without a disclaimer,≤100,1
999813210162150,Gardeners' World NL,These ads ran without a disclaimer,≤100,3
410370522443015,Werken bij Alliander,These ads ran without a disclaimer,≤100,1
111964251753094,Warmhearted Leaders,These ads ran without a disclaimer,≤100,1
256041924544689,TreaclePudding,These ads ran without a disclaimer,≤100,1
190010265716,Cisco Networking Academy,These ads ran without a disclaimer,≤100,1
392443934110646,Liebherr Construction,These ads ran without a disclaimer,≤100,1
1272181382802876,International China Concern Canada,These ads ran without a disclaimer,≤100,1
529955580364212,SMA International,These ads ran without a disclaimer,≤100,2
156735991012286,COEUR DE LION,These ads ran without a disclaimer,≤100,1
212000792504954,Tech Crowdfunding Projects,These ads ran without a disclaimer,≤100,4
101919116060185,Sea The Future,These ads ran without a disclaimer,≤100,1
637224546354041,Gefunden Im Niemandsland // Urbex & Photography by D.Darko,These ads ran without a disclaimer,≤100,1
105801648541691,Orange Money,These ads ran without a disclaimer,≤100,1
110453898998384,Centraal Beheer,These ads ran without a disclaimer,≤100,1
116718148155726,Squizable,These ads ran without a disclaimer,≤100,6
183771818330385,Фонд Ріната Ахметова,These ads ran without a disclaimer,≤100,1
101236935303293,Trivia.com - Trivia,These ads ran without a disclaimer,≤100,1
1390745591150821,NRC - Norwegian Refugee Council,These ads ran without a disclaimer,≤100,2
115258302463245,Diego Arbildua,These ads ran without a disclaimer,≤100,1
123209267742444,Dorcas,These ads ran without a disclaimer,≤100,1
110532945403440,InvestBy,These ads ran without a disclaimer,≤100,1
543002705887786,The Independent Photographer,These ads ran without a disclaimer,≤100,1
122093207360016527,7-Second Brainwave Ritual,These ads ran without a disclaimer,≤100,1
100860549363434,Houston Metal Sawing,These ads ran without a disclaimer,≤100,1
161666143844859,Sandvik,These ads ran without a disclaimer,≤100,2
106928838470342,hans_christian_kogler,These ads ran without a disclaimer,≤100,1
162609949918,TRIWA,These ads ran without a disclaimer,≤100,1
101078615978889,bignickexpo,These ads ran without a disclaimer,≤100,1
111822487196450,Siwon,These ads ran without a disclaimer,≤100,1
102075516192854,Draw For Change,These ads ran without a disclaimer,≤100,1
109092901483981,geoffreybsmall,These ads ran without a disclaimer,≤100,1
108029944246996,POLITICO Studio,These ads ran without a disclaimer,≤100,2
274138756817,Architonic,These ads ran without a disclaimer,≤100,1
1569631189994826,Stildeco Mobila,These ads ran without a disclaimer,≤100,1
105861532419622,maximilian.vogel,These ads ran without a disclaimer,≤100,1
139666286225597,Euranet Plus - Official,These ads ran without a disclaimer,≤100,2
112041548606329,Meta-News Hub.com,These ads ran without a disclaimer,≤100,1
101552003045777,Excitees.US,These ads ran without a disclaimer,≤100,2
102023009327901,Global Compassion Coalition,These ads ran without a disclaimer,≤100,1
645738972165960,IRU,These ads ran without a disclaimer,≤100,1
111977917320090,Zummerbühne,These ads ran without a disclaimer,≤100,1
240544726004671,Universiteit Gent,These ads ran without a disclaimer,≤100,3
101151466408117,Safe-Guardian,These ads ran without a disclaimer,≤100,1
116270664891467,Question Quest,These ads ran without a disclaimer,≤100,4
112147831902634,Ângela Martínez,These ads ran without a disclaimer,≤100,1
108387114754237,Lilac.fairy,These ads ran without a disclaimer,≤100,1
113095415224876,Bling chling,These ads ran without a disclaimer,≤100,1
228472920687290,Академия консалтингового бизнеса,These ads ran without a disclaimer,≤100,2
528338104025858,Euregio Meuse-Rhine,These ads ran without a disclaimer,≤100,2
155438574470276,DW українською,These ads ran without a disclaimer,≤100,6
111622410196045,State of Youth,These ads ran without a disclaimer,≤100,6
10750083165,The Africa Report,These ads ran without a disclaimer,≤100,6
287842647957979,EU International Partnerships,These ads ran without a disclaimer,≤100,1
112107928867115,Вясна. Правы чалавека ў Беларусі / Viasna. Human rights in Belarus,These ads ran without a disclaimer,≤100,1
101586065516801,masculinepolarity,These ads ran without a disclaimer,≤100,1
402052193189194,Siemens,These ads ran without a disclaimer,≤100,2
1564052623908933,Stichting Erfgoed Diessen,These ads ran without a disclaimer,≤100,1
608140619385514,Candice,These ads ran without a disclaimer,≤100,1
858951480829457,LANTIMAR GROUP,These ads ran without a disclaimer,≤100,1
108717125453533,LG Information Display Benelux,These ads ran without a disclaimer,≤100,1
113952325312586,Ravagnan Gallery - Galleria Ravagnan Venezia,These ads ran without a disclaimer,≤100,1
416555481878438,Philipp Lützenburger,These ads ran without a disclaimer,≤100,1
118356801554598,EU Food & Farming,These ads ran without a disclaimer,≤100,1
255694411213158,Omnicol,These ads ran without a disclaimer,≤100,1
176360049068599,Los Norteños De Ojinaga,These ads ran without a disclaimer,≤100,2
217936221749911,İslam Astrolojisi - Yıldızname Rehberi - Yaşam Şifreleri Esma'ül Hüsna,These ads ran without a disclaimer,≤100,1
122100284474011877,Vincent Murina,These ads ran without a disclaimer,≤100,2
1603108803097364,Didem Ergin Podcast,These ads ran without a disclaimer,≤100,1
2259321384299510,עוצמה לחייל,These ads ran without a disclaimer,≤100,1
101026073013027,"Ukrajina bez bolesti, z.s.",These ads ran without a disclaimer,≤100,1
315603771494,Milaap,These ads ran without a disclaimer,≤100,1
1754956431459064,The Intercept Brasil,These ads ran without a disclaimer,≤100,1
1047973135286624,Constructora Bolívar Valle del Cauca,These ads ran without a disclaimer,≤100,1
108635102341943,oddsandends______,These ads ran without a disclaimer,≤100,1
121224424299328,The AI Marketing Girl,These ads ran without a disclaimer,≤100,1
164165566951558,Brabants Dagblad,These ads ran without a disclaimer,≤100,1
947918838647994,Aruban Warriors- Movemento Indigena Arubano,These ads ran without a disclaimer,≤100,1
103512969698091,Le Tour de France,These ads ran without a disclaimer,≤100,1
108733008364786,The Emissary,These ads ran without a disclaimer,≤100,1
108232567797413,Mondo4africa,These ads ran without a disclaimer,≤100,1
147332448457589,Marinalva Pascual,These ads ran without a disclaimer,≤100,6
157466814107996,News24,These ads ran without a disclaimer,≤100,1
10261403667,Europeana.eu,These ads ran without a disclaimer,≤100,1
100696119723480,aglo.berlin,These ads ran without a disclaimer,≤100,1
171132542929029,Alfa Laval,These ads ran without a disclaimer,≤100,1
107629248989449,Laugh Lounge,These ads ran without a disclaimer,≤100,2
178117386051353,SunContract,These ads ran without a disclaimer,≤100,2
116163254919357,Thales Nunes,These ads ran without a disclaimer,≤100,2
244192865606024,People in Need,These ads ran without a disclaimer,≤100,1
643647332320553,Orient - أورينت,These ads ran without a disclaimer,≤100,1
103648398093208,EduTourism for Unity,These ads ran without a disclaimer,≤100,1
102165231677019,Tex India Mart,These ads ran without a disclaimer,≤100,1
771123929739633,Sportinal,These ads ran without a disclaimer,≤100,1
1486107268385752,All Exclusive,These ads ran without a disclaimer,≤100,1
918318338180165,CHINT GROUP,These ads ran without a disclaimer,≤100,1
120944524340343,DTEK,These ads ran without a disclaimer,≤100,1
106950715510480,Luciana Ponce,These ads ran without a disclaimer,≤100,1
106627127809360,Platinum Media Network,These ads ran without a disclaimer,≤100,1
371227786709544,Refund Express LLC,These ads ran without a disclaimer,≤100,2
1606155556168996,Si Amo Afrin,These ads ran without a disclaimer,≤100,1
103166284972559,Patriotic American,These ads ran without a disclaimer,≤100,1
101136075575687,pedrogui,These ads ran without a disclaimer,≤100,1
103886725073257,Kpop4Planet,These ads ran without a disclaimer,≤100,3
110038557114533,Imagine5,These ads ran without a disclaimer,≤100,1
361485160911024,Stripo Email Design Platform,These ads ran without a disclaimer,≤100,1
498290777040922,The Scooches,These ads ran without a disclaimer,≤100,1
574515056058543,Aleksandra Wałaszek,These ads ran without a disclaimer,≤100,1
277802445685470,Stichting Buitenzorg Beheer,These ads ran without a disclaimer,≤100,1
20556338116,ITUC,These ads ran without a disclaimer,≤100,2
104156032356214,DailyReads,These ads ran without a disclaimer,≤100,2
117376408042867,Visitmyheart,These ads ran without a disclaimer,≤100,1
581961658564804,Learn Chinese,These ads ran without a disclaimer,≤100,1
100916766103986,Trapped History,These ads ran without a disclaimer,≤100,1
144858089034875,Kudos: Science needs Stories,These ads ran without a disclaimer,≤100,1
104388649905355,Justice and The Courts of Heaven,These ads ran without a disclaimer,≤100,2
112673473811255,Connection Law,These ads ran without a disclaimer,≤100,1
141363092729703,DP World,These ads ran without a disclaimer,≤100,2
115634894871130,Fun magazine press,These ads ran without a disclaimer,≤100,1
1400039696922366,Priceless Moment Productions and Events,These ads ran without a disclaimer,≤100,1
1068121123268077,Museum Barberini,These ads ran without a disclaimer,≤100,1
266489640131448,Bittersweet Paris,These ads ran without a disclaimer,≤100,1
104442131947319,ParentzTalk - Teenagers,These ads ran without a disclaimer,≤100,1
110581794625507,Kickstarter Home Runs,These ads ran without a disclaimer,≤100,1
101889026341058,Ppo-020,These ads ran without a disclaimer,≤100,1
805505439523223,ENERGY OBSERVER,These ads ran without a disclaimer,≤100,1
108693505282176,Essentie van Welzijn,These ads ran without a disclaimer,≤100,1
148423685184180,"איל""ן - איגוד ישראלי לילדים נפגעים",These ads ran without a disclaimer,≤100,1
104901479024346,Know it First,These ads ran without a disclaimer,≤100,1
903559049725754,Bati Bleki,These ads ran without a disclaimer,≤100,1
1798435720478073,新華香港,These ads ran without a disclaimer,≤100,2
315055202453508,Kharkiv Human Rights Protection Group,These ads ran without a disclaimer,≤100,1
1726245097497220,Cognac Frapin,These ads ran without a disclaimer,≤100,1
455133101359253,Tax Consulting South Africa,These ads ran without a disclaimer,≤100,1
101715979316537,Fun Magazine Life,These ads ran without a disclaimer,≤100,1
114866079891340,Trivia.com,These ads ran without a disclaimer,≤100,1
102586955993222,فراس عايدي,These ads ran without a disclaimer,≤100,1
160628063965189,BDO Dutch Caribbean,These ads ran without a disclaimer,≤100,1
122109597643461,Ecorus International,These ads ran without a disclaimer,≤100,2
108471125442501,China Box,These ads ran without a disclaimer,≤100,1
231041017746954,California.com,These ads ran without a disclaimer,≤100,1
47068978943,Anna David,These ads ran without a disclaimer,≤100,1
109234261721688,Not Str8ight,These ads ran without a disclaimer,≤100,1
109659388792062,Carpenter Clinton Donald,These ads ran without a disclaimer,≤100,2
112088378533820,Екатерина Прохорова,These ads ran without a disclaimer,≤100,1
1468503986781459,Warsaw Institute,These ads ran without a disclaimer,≤100,1
106283144372677,IWG,These ads ran without a disclaimer,≤100,6
109829368496536,Isabel Félix,These ads ran without a disclaimer,≤100,4
103014382831668,Kodomo Paling Gacor,These ads ran without a disclaimer,≤100,1
105908202611877,Harmonicmall-oline,These ads ran without a disclaimer,≤100,1
155503980971876,Help Israel,These ads ran without a disclaimer,≤100,1
2198815130435777,Plastic Fischer,These ads ran without a disclaimer,≤100,1
117145531471206,BridesBlush,These ads ran without a disclaimer,≤100,1
107022855713929,Tiatow-US,These ads ran without a disclaimer,≤100,4
111588341842178,Esteban fernandez,These ads ran without a disclaimer,≤100,1
681614015247190,Caribbean National Weekly,These ads ran without a disclaimer,≤100,1
103317581242024,Woodoku,These ads ran without a disclaimer,≤100,1
103799685434333,Raotte,These ads ran without a disclaimer,≤100,6
1087491177963859,EU vs Disinformation,These ads ran without a disclaimer,≤100,1
100305849167750,Born To Know,These ads ran without a disclaimer,≤100,2
102593355487557,drjaymz1,These ads ran without a disclaimer,≤100,1
285530825204,Klitschko,These ads ran without a disclaimer,≤100,1
1569739169935311,RELEX Solutions,These ads ran without a disclaimer,≤100,1
19746387261,Humane Society International,These ads ran without a disclaimer,≤100,1
52156396459,Workhuman,These ads ran without a disclaimer,≤100,1
101953798466365,brand___en,These ads ran without a disclaimer,≤100,1
152460817942069,antelu.dj,These ads ran without a disclaimer,≤100,1
612473492126842,GC,These ads ran without a disclaimer,≤100,1
114206761565524,Theoreticalm,These ads ran without a disclaimer,≤100,1
332166993641234,Animal Channel,These ads ran without a disclaimer,≤100,1
111368485253350,Mundo Verde,These ads ran without a disclaimer,≤100,1
28312410177,World Food Programme,These ads ran without a disclaimer,≤100,1
252259504980102,Conscious Life,These ads ran without a disclaimer,≤100,1
1787213737975912,The Artist Academy,These ads ran without a disclaimer,≤100,1
103416265003221,Worldtravelling Entertainment,These ads ran without a disclaimer,≤100,1
151374994723728,Mark Mantle,These ads ran without a disclaimer,≤100,1
117345834653901,This is Beirut,These ads ran without a disclaimer,≤100,1
247794075358972,Journalists For Justice,These ads ran without a disclaimer,≤100,1
500998506604927,Čínský rozhlas pro zahraničí,These ads ran without a disclaimer,≤100,1
107347575690953,Cliente Express,These ads ran without a disclaimer,≤100,2
129971303736958,Opteon Products,These ads ran without a disclaimer,≤100,1
1376834062358342,Packhelp,These ads ran without a disclaimer,≤100,1
109534787605542,Mohammed Al-Issa محمد العيسى,These ads ran without a disclaimer,≤100,1
147337559330,Montevideo Portal,These ads ran without a disclaimer,≤100,1
128036730382471,politiek.neutraal,These ads ran without a disclaimer,≤100,1
116547198066732,Full Connecté,These ads ran without a disclaimer,≤100,1
114528771557296,The Sneakertoast Grub,These ads ran without a disclaimer,≤100,1
109176328724284,The Suspect: Prison Break,These ads ran without a disclaimer,≤100,1
103736139244309,Coach Mercedez Lerne,These ads ran without a disclaimer,≤100,1
316361765093900,IMH,These ads ran without a disclaimer,≤100,1
114279545092658,The Quiz Collective,These ads ran without a disclaimer,≤100,1
220898724599599,Ação da Cidadania,These ads ran without a disclaimer,≤100,1
422853618309953,Alany Briones Ronquillo Candidata a Reina de Nobol #6,These ads ran without a disclaimer,≤100,1
137813739417983,Первый Европейский,These ads ran without a disclaimer,≤100,1
108319645648582,MyQuiz,These ads ran without a disclaimer,≤100,1
138576156001792,Passport to Adventure,These ads ran without a disclaimer,≤100,2
109044999140694,CAS,These ads ran without a disclaimer,≤100,2
102873532224080,Jumping Jim,These ads ran without a disclaimer,≤100,1
106285282396345,Hot Cars Freaks,These ads ran without a disclaimer,≤100,4
2030427870568712,UkraineWorld,These ads ran without a disclaimer,≤100,1
110216212167317,Excitees-UK,These ads ran without a disclaimer,≤100,1
123830947485854,Jasminafinalaw,These ads ran without a disclaimer,≤100,1
904616509704178,KAWA News,These ads ran without a disclaimer,≤100,1
117795761405358,TimeTraveler's Tales,These ads ran without a disclaimer,≤100,1
111113447867154,The Daily Dose,These ads ran without a disclaimer,≤100,2
103655172725307,Sales Machine,These ads ran without a disclaimer,≤100,1
131189377574,MDPI,These ads ran without a disclaimer,≤100,1
111813021709626,Humans Care Foundation,These ads ran without a disclaimer,≤100,1
117315481460258,Wavepiston International,These ads ran without a disclaimer,≤100,1
113512245171403,Lemon squeezy,These ads ran without a disclaimer,≤100,1
103440071784916,The Dancing Cucumber Center,These ads ran without a disclaimer,≤100,1
115591005188475,Global Times,These ads ran without a disclaimer,≤100,1
102272782980480,Shopee Cart PH,These ads ran without a disclaimer,≤100,1
105824148944386,makaya35,These ads ran without a disclaimer,≤100,1
111419288047431,Gefen Stories,These ads ran without a disclaimer,≤100,1
669307523469574,EveryJew,These ads ran without a disclaimer,≤100,1
1477390455819717,Avi Delevanti - אבי דלבנטי,These ads ran without a disclaimer,≤100,1
1515401882049616,CIP Cyber,These ads ran without a disclaimer,≤100,1
107867598722680,David Octane,These ads ran without a disclaimer,≤100,1
492054784230461,Greenyard,These ads ran without a disclaimer,≤100,1
184023915000631,Mark Johnson Weather,These ads ran without a disclaimer,≤100,1
111456000620617,Jeremy Harry Harris,These ads ran without a disclaimer,≤100,1
115057443466962,Рефорум,These ads ran without a disclaimer,≤100,1
102592069533175,Car Culture,These ads ran without a disclaimer,≤100,1
108385738933757,sanibelgroup,These ads ran without a disclaimer,≤100,1
21591025194,The University of Melbourne,These ads ran without a disclaimer,≤100,1
117084411357380,ChatBox - AI Chat with Chatbot,These ads ran without a disclaimer,≤100,1
153371894688575,World Bank,These ads ran without a disclaimer,≤100,1
338811633583406,"Jiangsu Sunkey Packaging Tech Co., Ltd.",These ads ran without a disclaimer,≤100,1
325242907600207,CRI Srpski,These ads ran without a disclaimer,≤100,1
141502009216768,Brendon Burchard - Live. Love. Matter.,These ads ran without a disclaimer,≤100,1
104908672236873,sheko_serag,These ads ran without a disclaimer,≤100,1
1841994102729383,D.S. Belcon Limited,These ads ran without a disclaimer,≤100,1
559984527424251,Visit Shaanxi,These ads ran without a disclaimer,≤100,1
107793425628824,Dominique Alves,These ads ran without a disclaimer,≤100,3
2041552576130050,School of Disruption,These ads ran without a disclaimer,≤100,1
154332071291859,AE SOLAR,These ads ran without a disclaimer,≤100,1
110519061420262,Fox Chill,These ads ran without a disclaimer,≤100,1
100858009355065,Can You Guess,These ads ran without a disclaimer,≤100,1
130952766766395,Subsdko,These ads ran without a disclaimer,≤100,1
146131622116745,International Recovery Platform,These ads ran without a disclaimer,≤100,1
106866392508238,Quiz Voyage,These ads ran without a disclaimer,≤100,1
101946075347532,Tittietats,These ads ran without a disclaimer,≤100,1
125368683996798,ESX Easy Scanner-RR,These ads ran without a disclaimer,≤100,1
130046717009497,Caribbean Hotel & Tourism Association,These ads ran without a disclaimer,≤100,1
101463572568915,Mary NY,These ads ran without a disclaimer,≤100,1
993635077404217,لايف فلسطين,These ads ran without a disclaimer,≤100,1
348868008489660,MODIPHIUS,These ads ran without a disclaimer,≤100,1
23497828950,National Geographic,These ads ran without a disclaimer,≤100,1
102385429573950,istunnerary,These ads ran without a disclaimer,≤100,1
124347897419127,Recommended books,These ads ran without a disclaimer,≤100,2
1744911689126391,12up,These ads ran without a disclaimer,≤100,3
114669948325860,THE GRAPA,These ads ran without a disclaimer,≤100,1
289446947817747,Global Citizen,These ads ran without a disclaimer,≤100,1
100398676401221,A World for Life,These ads ran without a disclaimer,≤100,1
1389172974658857,"Research Centre, Visual Identities in Art and Design",These ads ran without a disclaimer,≤100,1
144580066134672,Economist Impact,These ads ran without a disclaimer,≤100,3
109997088627862,Lyfecycle,These ads ran without a disclaimer,≤100,1
105178755946079,Berseko,These ads ran without a disclaimer,≤100,3
104316972750527,More Hacks,These ads ran without a disclaimer,≤100,2
70877580782,IFC - International Finance Corporation,These ads ran without a disclaimer,≤100,2
608578919186659,World Vision International,These ads ran without a disclaimer,≤100,1
421728974560008,Allan Abbadia,These ads ran without a disclaimer,≤100,1
111266936889272,Every Day Monkey,These ads ran without a disclaimer,≤100,1
95775573753,Frontiers,These ads ran without a disclaimer,≤100,1
55661199917,Ars Electronica,These ads ran without a disclaimer,≤100,1
119400924585051,João C,These ads ran without a disclaimer,≤100,1
164851239572,Women for Women International - UK,These ads ran without a disclaimer,≤100,1
114552811727410,Ppo-007,These ads ran without a disclaimer,≤100,1
657675254351961,BTV - Business Television,These ads ran without a disclaimer,≤100,1
100149596294622,bksarajevo,These ads ran without a disclaimer,≤100,1
112832225238868,Quiz Corner,These ads ran without a disclaimer,≤100,2
475010376590880,Weward,These ads ran without a disclaimer,≤100,1
106402948955654,isimizinsann,These ads ran without a disclaimer,≤100,1
107046322471189,aivogueofficial,These ads ran without a disclaimer,≤100,1
193394557345243,Devex,These ads ran without a disclaimer,≤100,1
125440080642749,Sbi&アドバイザー,These ads ran without a disclaimer,≤100,1
110192681490682,Motor Junkie Fans,These ads ran without a disclaimer,≤100,1
159050394216641,The Jerusalem Post,These ads ran without a disclaimer,≤100,4
2079497235397580,עופר גולדשטיין רואי חשבון - מיסוי בינלאומי,These ads ran without a disclaimer,≤100,2
106569706154975,Modern Expo,These ads ran without a disclaimer,≤100,1
114886828148570,cootiffany,These ads ran without a disclaimer,≤100,1
104099512361482,Funnies Now - Magazine,These ads ran without a disclaimer,≤100,1
114006632574197,Gabriel Merlin Assessoria Esportiva,These ads ran without a disclaimer,≤100,1
110435435178433,UKD SHOWS,These ads ran without a disclaimer,≤100,1
145297502766267,Ivan Coronel,These ads ran without a disclaimer,≤100,1
119991084539261,Hand Idea 62,These ads ran without a disclaimer,≤100,1
122176934136299,Bompoint-factory,These ads ran without a disclaimer,≤100,1
389202717789895,PHmuseum,These ads ran without a disclaimer,≤100,1
427787940590188,Радио Китай,These ads ran without a disclaimer,≤100,3
113632118491320,Your Daily Quiz,These ads ran without a disclaimer,≤100,3
407772519431041,Victorias Antiques Cork,These ads ran without a disclaimer,≤100,1
1238086599683093,Solarbus.pro,These ads ran without a disclaimer,≤100,1
299227550122220,Radio Cina Internazionale,These ads ran without a disclaimer,≤100,1
101942402729235,BreakingBuzz,These ads ran without a disclaimer,≤100,1
144093318785991,Nashevremyazzz,These ads ran without a disclaimer,≤100,1
112065781491607,Giiverr,These ads ran without a disclaimer,≤100,1
652445951621134,Professor Winston's Community College,These ads ran without a disclaimer,≤100,1
108464032356797,Vincent Murina,These ads ran without a disclaimer,≤100,1
102674209385288,جمعية الأعمال الخيرية,These ads ran without a disclaimer,≤100,1
112117151952211,Wydarzenia 24/7,These ads ran without a disclaimer,≤100,1
111416286896380,Institute of National Remembrance,These ads ran without a disclaimer,≤100,1
135156639833927,United Nations OCHA,These ads ran without a disclaimer,≤100,2
148666158324661,Agri-Investment Forum and Expo,These ads ran without a disclaimer,≤100,1
841865716148245,Tiernothilfe Ukraine e.V.,These ads ran without a disclaimer,≤100,1
112077024899370,Comics Stadium,These ads ran without a disclaimer,≤100,1
1473321922884514,Chińskie Radio Międzynarodowe,These ads ran without a disclaimer,≤100,3
102839468523186,APEX อันดับหนึ่งเลเซอร์ขน,These ads ran without a disclaimer,≤100,2
1433241310262057,SPE Offshore Europe,These ads ran without a disclaimer,≤100,1
104953585732597,Creative Mind States School,These ads ran without a disclaimer,≤100,1
107898798686030,Postcards from Ukraine,These ads ran without a disclaimer,≤100,1
107468582412703,galacticnewssatire,These ads ran without a disclaimer,≤100,1
105314598888268,Lương Y Phạm Văn Thanh,These ads ran without a disclaimer,≤100,1
1850410518508687,Xenia Hügel,These ads ran without a disclaimer,≤100,1
860574404093479,TRT World Citizen,These ads ran without a disclaimer,≤100,1
89662002710,Palo Alto Networks,These ads ran without a disclaimer,≤100,1
116780891523582,Hoвocти Eврoпы,These ads ran without a disclaimer,≤100,1
102311548830193,BabiesDoppler,These ads ran without a disclaimer,≤100,1
107647258831836,Weregreenly- Magazine Page 3,These ads ran without a disclaimer,≤100,1
109054555069662,Investing Digest,These ads ran without a disclaimer,≤100,2
119728111217167,Hilltop One,These ads ran without a disclaimer,≤100,1
189232005248268,CTG,These ads ran without a disclaimer,≤100,1
114028841570475,Child coach Ineke,These ads ran without a disclaimer,≤100,1
106050985367807,Baller Capz,These ads ran without a disclaimer,≤100,1
106939965729085,angelikajaroslawskasapieha,These ads ran without a disclaimer,≤100,1
615040838898606,Angry Birds Dream Blast,These ads ran without a disclaimer,≤100,1
100579239792248,De Menswear,These ads ran without a disclaimer,≤100,1
137344436123374,Осипова Сенат,These ads ran without a disclaimer,≤100,1
224436418138454,TransferGo Ukraine,These ads ran without a disclaimer,≤100,1
17043549797,MIT Technology Review,These ads ran without a disclaimer,≤100,2
183749274990301,Google Arts & Culture,These ads ran without a disclaimer,≤100,1
101702236314756,btolentinord,These ads ran without a disclaimer,≤100,1
100733452876553,pavithrakishore93,These ads ran without a disclaimer,≤100,1
1740336349557186,Colby Jeffers,These ads ran without a disclaimer,≤100,1
160285362831,Steve Bloom,These ads ran without a disclaimer,≤100,1
107534098205064,CaezArts,These ads ran without a disclaimer,≤100,1
120131777841379,Bordem  Panda,These ads ran without a disclaimer,≤100,1
101885279343436,Orienvirtue-X,These ads ran without a disclaimer,≤100,6
207365029331110,Ünsal Arik,These ads ran without a disclaimer,≤100,1
108406111661301,Can't Say Enough,These ads ran without a disclaimer,≤100,1
100458149472401,OpenRad,These ads ran without a disclaimer,≤100,1
111995915155282,New_Arena,These ads ran without a disclaimer,≤100,1
111541585165947,Kelron Bellot,These ads ran without a disclaimer,≤100,1
104966198818646,Your store,These ads ran without a disclaimer,≤100,1
108276258909021,Olarglscal-fox,These ads ran without a disclaimer,≤100,1
171195311682401,ParentzTalk - Activities,These ads ran without a disclaimer,≤100,1
110822558440660,Brackish Babe,These ads ran without a disclaimer,≤100,1
1449261928703911,Lux & Lush,These ads ran without a disclaimer,≤100,1
208371683037269,NBCU Catalyst,These ads ran without a disclaimer,≤100,1
122100487046008232,Falsityes-ALB,These ads ran without a disclaimer,≤100,1
102075811887387,Chocolate.com - Images,These ads ran without a disclaimer,≤100,1
30911162508,Forbes,These ads ran without a disclaimer,≤100,1
111098755425261,Futuristic Feels,These ads ran without a disclaimer,≤100,1
110840027300377,moskiforpresident,These ads ran without a disclaimer,≤100,2
395068690557323,Comité de soutien moral aux rats écrasés,These ads ran without a disclaimer,≤100,1
108714675181444,Linda Melton Store,These ads ran without a disclaimer,≤100,2
106239491985146,Koi Stories,These ads ran without a disclaimer,≤100,1
111506485284252,brissli_pics,These ads ran without a disclaimer,≤100,1
100638533094811,Nick Hayes Music,These ads ran without a disclaimer,≤100,4
102774381147748,CareerFairy,These ads ran without a disclaimer,≤100,1
346403149252294,MDNAmir,These ads ran without a disclaimer,≤100,1
2854126084659334,Penkbike,These ads ran without a disclaimer,≤100,1